"","obs.num.ext","ext.rnd.mean","ext.rnd.lower","ext.rnd.upper","ext.z.value","ext.p.value","obs.ext.rank","rank.mean","rank.lower","rank.upper","rank.z.value","rank.p.value"
"Scenario 1",1,3.23223223223223,1.95,5,-2.36896069993131,0.014,19,18.513980647314,17.25,19.5,0.751883170750361,0.2415
"Scenario 2",3,3.22722722722723,2,5,-0.244295087267572,0.42,19,18.4607774441108,17,19.5,0.776780156960407,0.2255
"Scenario 3",2,3.32332332332332,2,5,-1.4611817401887,0.098,11,18.4550550550551,17,19.5,-11.3027933999806,0.001
"Scenario 4",6,3.33633633633634,1.95,5,2.81277714842738,0.00349999999999995,9.16666666666667,18.4317817817818,17,19.5,-13.6853974730485,0.001
