"","obs.num.ext","ext.rnd.mean","ext.rnd.lower","ext.rnd.upper","ext.z.value","ext.p.value","obs.ext.rank","rank.mean","rank.lower","rank.upper","rank.z.value","rank.p.value"
"Scenario 1",1,3.76476476476476,1,6,-2.10862953475611,0.0165,19,17.1352403991293,14.5,19.5,1.46248383967913,0.0685
"Scenario 2",3,3.78478478478478,1,6,-0.594908057242986,0.2925,19,17.2160982410982,14.6,19.5,1.39249224589316,0.0795
"Scenario 3",2,3.80780780780781,1,6,-1.38550524305869,0.095,11,17.1649744983078,14.595,19.5,-4.74828663789407,0.001
"Scenario 4",7,3.73373373373373,1,6,2.35660168865873,0.011,8.42857142857143,17.1150293150293,14.3333333333333,20,-6.16725976754972,0.001
